pH,Nitrogen,Phosphorus,Potassium,Moisture,Temperature,Rainfall,Soil_Type,Recommended_Crop
5.53,72,52,60,22.01,24.91,249,"Sandy,Peaty,Loamy","Peanut,Maize,Tomato,Barley,Carrot"
6.71,87,18,45,21.85,29.03,135,"Clayey,Peaty,Red,Black","Peanut,Onion,Potato,Millet"
8.49,88,13,45,20.36,18.88,52,"Red,Black,Clayey","Potato,Millet,Tomato,Cotton"
7.27,46,60,31,15.64,19.61,77,"Silty,Red,Clayey","Potato,Rice,Tomato,Wheat,Onion"
8.22,60,60,33,8.81,33.09,171,"Silty,Sandy,Peaty","Tomato,Potato,Wheat,Rice"
7.76,49,54,23,11.66,22.9,132,"Clayey,Red,Silty,Peaty","Banana,Barley,Sugarcane,Maize"
5.91,74,60,35,19.38,22.83,123,"Red,Sandy,Loamy","Carrot,Cotton,Barley,Potato,Millet"
7.05,90,54,40,25.69,22.63,149,"Clayey,Sandy,Black,Silty","Onion,Potato,Sugarcane,Wheat"
7.04,42,43,60,9.36,25.58,151,"Red,Loamy,Silty,Peaty","Rice,Wheat,Sugarcane,Cotton"
5.3,99,17,43,6.96,21.21,63,"Peaty,Sandy,Red,Black","Carrot,Banana,Cotton,Barley,Tomato"
7.33,51,56,30,9,21.6,95,"Clayey,Red,Silty,Peaty","Banana,Barley,Sugarcane,Maize"
7.65,71,45,14,8.12,25.48,207,"Sandy,Peaty,Loamy,Silty","Maize,Millet,Cotton,Wheat"
5.19,49,30,30,21.51,24.46,154,"Clayey,Peaty,Sandy,Loamy","Carrot,Tomato,Maize,Millet"
5.44,99,21,43,6.65,22.06,61,"Peaty,Sandy,Red,Black","Carrot,Banana,Cotton,Barley,Tomato"
5.09,96,24,34,14,20.73,104,"Silty,Black,Peaty,Red","Maize,Rice,Peanut,Wheat"
6.67,79,31,48,23.66,26.56,198,"Loamy,Peaty,Sandy,Silty","Banana,Peanut,Rice,Carrot"
7.05,46,42,60,24.65,23.39,123,"Clayey,Black,Loamy,Silty","Wheat,Onion,Tomato,Sugarcane"
7.6,83,24,39,13.3,19.6,126,"Sandy,Peaty,Clayey,Silty","Potato,Wheat,Millet,Tomato,Maize"
6.75,65,60,40,14.68,29.41,152,"Clayey,Loamy,Sandy,Silty","Maize,Peanut,Rice,Banana"
6.36,70,51,60,28.4,23.46,82,"Clayey,Silty,Peaty","Banana,Wheat,Barley,Onion"
6.08,71,51,57,23.16,26.64,245,"Sandy,Peaty,Loamy","Peanut,Maize,Tomato,Barley,Carrot"
6.42,78,57,53,27.83,24.96,94,"Clayey,Silty,Peaty","Banana,Wheat,Barley,Onion"
5.64,48,24,18,10.72,17.91,198,"Loamy,Silty,Sandy,Peaty","Barley,Onion,Peanut,Millet"
5.64,71,11,60,13.8,32.03,127,"Clayey,Peaty,Silty","Carrot,Maize,Peanut,Potato,Rice"
5.2,61,52,29,30.24,26.42,116,"Black,Clayey,Sandy","Maize,Millet,Potato,Tomato"
7.64,93,34,52,20.99,26.25,70,"Loamy,Red,Peaty","Maize,Barley,Wheat,Banana,Tomato"
5.64,98,18,47,6.93,22.77,59,"Peaty,Sandy,Red,Black","Carrot,Banana,Cotton,Barley,Tomato"
8.29,86,52,32,8.32,31.18,197,"Clayey,Silty,Sandy","Tomato,Rice,Sugarcane,Potato,Peanut"
5.09,73,53,38,24.62,27.66,207,"Clayey,Peaty,Black","Tomato,Cotton,Sugarcane,Potato,Banana"
6.37,69,53,33,15.74,19.42,187,"Sandy,Clayey,Red","Barley,Millet,Tomato,Peanut"
5.24,40,26,23,21.89,21.15,157,"Clayey,Peaty,Sandy,Loamy","Carrot,Tomato,Maize,Millet"
5.27,99,36,41,16.22,24.29,100,"Clayey,Silty,Loamy","Carrot,Millet,Onion,Barley,Potato"
8.41,88,17,51,24.04,21.3,54,"Red,Black,Clayey","Potato,Millet,Tomato,Cotton"
5.37,98,36,31,14.96,24.79,114,"Clayey,Silty,Loamy","Barley,Potato,Wheat,Millet,Tomato"
8.32,46,43,40,22.2,21.6,70,"Loamy,Silty,Black","Maize,Barley,Millet,Onion,Peanut"
5.78,69,59,52,22.05,27.21,231,"Sandy,Peaty,Loamy","Barley,Maize,Potato,Millet"
6.02,68,44,14,10.95,19.63,79,"Silty,Red,Peaty,Black","Banana,Cotton,Potato,Wheat,Rice"
5.04,94,34,39,12.47,22.14,94,"Clayey,Silty,Loamy","Barley,Potato,Wheat,Millet,Tomato"
6.39,40,42,56,25.57,32.86,87,"Silty,Peaty,Black,Loamy","Onion,Wheat,Rice,Potato"
8.06,59,60,43,12.65,32.66,158,"Silty,Sandy,Peaty","Tomato,Potato,Wheat,Rice"
8.28,60,35,43,16.32,34.15,96,"Sandy,Silty,Red","Onion,Sugarcane,Rice,Tomato"
7.02,99,49,37,12.91,28.79,70,"Sandy,Silty,Peaty,Clayey","Banana,Potato,Sugarcane,Carrot"
7.72,83,53,35,9.29,21.99,130,"Silty,Peaty,Black,Loamy","Barley,Onion,Millet,Sugarcane"
6.02,71,47,41,12.81,21.89,206,"Sandy,Clayey,Red","Barley,Millet,Tomato,Peanut"
6.85,48,39,47,6.6,18,221,"Black,Sandy,Clayey,Red","Barley,Millet,Onion,Rice"
6.81,78,38,39,26.07,26.01,194,"Loamy,Peaty,Sandy,Silty","Banana,Peanut,Rice,Carrot"
6.82,89,49,40,25.3,24.1,143,"Clayey,Sandy,Black,Silty","Onion,Potato,Sugarcane,Wheat"
5.68,77,28,36,23.7,22.6,152,"Sandy,Red,Clayey","Barley,Banana,Carrot,Potato"
5.75,56,11,60,30.24,28.7,134,"Silty,Black,Clayey","Barley,Onion,Millet,Banana,Maize"
5.59,42,34,60,26.5,34.8,59,"Loamy,Sandy,Peaty,Silty","Wheat,Cotton,Rice,Carrot,Millet"
8.1,77,43,22,7,26.42,192,"Sandy,Peaty,Loamy,Black","Rice,Sugarcane,Wheat,Banana"
5.21,47,32,32,16.24,22.17,147,"Clayey,Peaty,Sandy,Loamy","Carrot,Tomato,Maize,Millet"
6,70,50,45,17.42,19.25,200,"Sandy,Clayey,Red","Barley,Millet,Tomato,Peanut"
7.65,86,24,43,15.06,20.2,140,"Sandy,Peaty,Clayey,Silty","Potato,Wheat,Millet,Tomato,Maize"
5.48,40,33,56,27.11,33.25,70,"Loamy,Sandy,Peaty,Silty","Wheat,Cotton,Rice,Carrot,Millet"
5.29,40,25,25,20.48,22.23,173,"Clayey,Peaty,Sandy,Loamy","Carrot,Tomato,Maize,Millet"
5.61,60,13,60,23.49,28.61,85,"Silty,Black,Clayey","Barley,Onion,Millet,Banana,Maize"
8.23,58,60,36,7.1,32.1,173,"Silty,Sandy,Peaty","Tomato,Potato,Wheat,Rice"
5.82,77,33,53,29.32,24.01,52,"Sandy,Peaty,Loamy","Barley,Maize,Potato,Millet"
8.21,57,60,41,5.96,31.78,176,"Silty,Sandy,Peaty","Tomato,Potato,Wheat,Rice"
5.47,60,52,18,29.89,24.87,131,"Black,Clayey,Sandy","Maize,Millet,Potato,Tomato"
8.23,58,60,34,5.96,32.22,161,"Silty,Sandy,Peaty","Tomato,Potato,Wheat,Rice"
6.93,85,27,45,25.44,30.54,88,"Clayey,Peaty,Red,Black","Peanut,Onion,Potato,Millet"
6.66,62,60,36,17.23,30.62,157,"Clayey,Loamy,Sandy,Silty","Maize,Peanut,Rice,Banana"
7.04,56,35,60,25.67,23.22,117,"Clayey,Black,Loamy,Silty","Wheat,Onion,Tomato,Sugarcane"
8.26,85,33,39,9.5,34.3,174,"Red,Loamy,Clayey,Black","Banana,Millet,Sugarcane,Maize,Cotton"
7.62,87,54,16,7.84,28.9,52,"Red,Sandy,Loamy,Silty","Cotton,Tomato,Rice,Sugarcane"
5.55,59,11,60,27.5,29.1,119,"Silty,Black,Clayey","Barley,Onion,Millet,Banana,Maize"
7.2,53,57,30,8.18,22.67,91,"Clayey,Red,Silty,Peaty","Banana,Barley,Sugarcane,Maize"
7.22,56,44,56,27.23,24.44,144,"Clayey,Black,Loamy,Silty","Wheat,Onion,Tomato,Sugarcane"
6.84,60,57,49,14,27.44,142,"Clayey,Loamy,Sandy,Silty","Banana,Millet,Sugarcane,Maize,Cotton"
6.87,85,21,50,24.97,29.8,94,"Clayey,Peaty,Red,Black","Peanut,Onion,Potato,Millet"
8.53,88,11,49,21.07,21.26,59,"Red,Black,Clayey","Potato,Millet,Tomato,Cotton"
5.7,96,15,48,6.61,22.78,76,"Peaty,Sandy,Red,Black","Carrot,Banana,Cotton,Barley,Tomato"
5.57,58,12,59,22.79,23.15,243,"Loamy,Sandy,Peaty","Onion,Tomato,Banana,Cotton"
5.55,56,12,57,27.16,29.7,103,"Silty,Black,Clayey","Barley,Onion,Millet,Banana,Maize"
6.76,40,44,47,8.7,18.37,228,"Black,Sandy,Clayey,Red","Barley,Millet,Onion,Rice"
7.44,49,56,29,9.64,23.49,96,"Clayey,Red,Silty,Peaty","Banana,Barley,Sugarcane,Maize"
5.89,80,29,37,23.55,23.46,152,"Sandy,Red,Clayey","Barley,Banana,Carrot,Potato"
5.04,78,53,36,27.12,24.06,232,"Clayey,Peaty,Black","Tomato,Cotton,Sugarcane,Potato,Banana"
6.83,90,47,35,22.36,24.98,139,"Clayey,Sandy,Black,Silty","Onion,Potato,Sugarcane,Wheat"
8.36,75,45,24,5.96,23.9,208,"Sandy,Peaty,Loamy,Black","Rice,Sugarcane,Wheat,Banana"
8.53,87,23,49,22.38,20.78,97,"Red,Black,Clayey","Potato,Millet,Tomato,Cotton"
8.24,74,52,36,10.48,23.39,138,"Silty,Peaty,Black,Loamy","Barley,Onion,Millet,Sugarcane"
7.8,86,37,54,18.86,26.81,95,"Loamy,Red,Peaty","Maize,Barley,Wheat,Banana,Tomato"
7.05,89,54,40,23.71,23.3,120,"Clayey,Sandy,Black,Silty","Onion,Potato,Sugarcane,Wheat"
8.12,75,50,37,6.68,24.13,114,"Silty,Peaty,Black,Loamy","Barley,Onion,Millet,Sugarcane"
6.99,77,46,41,25.11,24.64,147,"Clayey,Sandy,Black,Silty","Onion,Potato,Sugarcane,Wheat"
7.53,51,43,34,27.12,30.11,200,"Black,Clayey,Peaty,Red","Cotton,Peanut,Banana,Tomato,Sugarcane"
7.15,58,47,41,30.24,24.24,184,"Silty,Black,Peaty,Red","Maize,Rice,Peanut,Wheat"
5.28,77,49,31,24.97,27.46,247,"Clayey,Peaty,Black","Tomato,Cotton,Sugarcane,Potato,Banana"
5.04,84,54,39,26.17,26.58,202,"Clayey,Peaty,Black","Tomato,Cotton,Sugarcane,Potato,Banana"
5.08,96,35,32,15.63,24.27,93,"Clayey,Silty,Loamy","Barley,Potato,Wheat,Millet,Tomato"
5.67,73,34,60,29.52,24.67,52,"Sandy,Peaty,Loamy","Peanut,Maize,Tomato,Barley,Carrot"
7.1,46,53,27,16.98,17.83,62,"Silty,Red,Clayey","Potato,Rice,Tomato,Wheat,Onion"
8.23,50,47,40,22.29,22.62,72,"Loamy,Silty,Black","Maize,Barley,Millet,Onion,Peanut"
5.9,71,60,56,18.29,28.96,235,"Peaty,Sandy,Red,Black","Carrot,Banana,Cotton,Barley,Tomato"
8.05,40,13,58,6.14,30.03,220,"Red,Silty,Loamy,Peaty","Rice,Cotton,Carrot,Barley,Potato"
8.33,80,54,38,7.87,24.33,131,"Silty,Peaty,Black,Loamy","Barley,Onion,Millet,Sugarcane"
7.04,51,16,48,20.3,28,54,"Silty,Peaty,Red","Tomato,Rice,Millet,Onion"
7.11,53,11,49,22.25,29.04,53,"Silty,Peaty,Red","Tomato,Rice,Millet,Onion"
5.05,83,42,14,20.92,34.19,160,"Peaty,Loamy,Black,Red","Banana,Cotton,Peanut,Barley,Sugarcane"
7.24,49,57,25,14.7,18.3,58,"Silty,Red,Clayey","Potato,Rice,Tomato,Wheat,Onion"
5.67,94,13,40,5.96,22.76,89,"Peaty,Sandy,Red,Black","Carrot,Banana,Cotton,Barley,Tomato"
5.53,80,16,56,16.04,32.4,70,"Clayey,Peaty,Silty","Carrot,Maize,Peanut,Potato,Rice"
8.21,80,55,41,6.74,22.28,154,"Silty,Peaty,Black,Loamy","Barley,Onion,Millet,Sugarcane"
7.56,89,48,24,10.09,30,79,"Red,Sandy,Loamy,Silty","Cotton,Tomato,Rice,Sugarcane"
8.22,81,50,36,5.96,21.47,113,"Silty,Peaty,Black,Loamy","Barley,Onion,Millet,Sugarcane"
7.93,64,58,33,10.23,33.8,173,"Silty,Sandy,Peaty","Tomato,Potato,Wheat,Rice"
7.03,48,42,60,22.61,24.2,118,"Clayey,Black,Loamy,Silty","Wheat,Onion,Tomato,Sugarcane"
5.82,73,32,50,27.97,24.43,71,"Sandy,Peaty,Loamy","Barley,Maize,Potato,Millet"
5.24,49,29,21,21.26,20.43,188,"Clayey,Peaty,Sandy,Loamy","Carrot,Tomato,Maize,Millet"
5.62,72,53,43,19.43,23.48,135,"Red,Sandy,Loamy","Carrot,Cotton,Barley,Potato,Millet"
8.18,77,52,38,7.4,22.9,141,"Silty,Peaty,Black,Loamy","Onion,Wheat,Rice,Potato"
7.03,50,48,34,25.33,34.97,166,"Black,Clayey,Peaty,Red","Cotton,Peanut,Banana,Tomato,Sugarcane"
6.36,82,41,42,23.1,26.23,175,"Loamy,Peaty,Sandy,Silty","Banana,Peanut,Rice,Carrot"
5.04,70,60,37,28.32,26.38,212,"Clayey,Peaty,Black","Tomato,Cotton,Sugarcane,Potato,Banana"
5.91,70,45,36,13.51,19.82,176,"Sandy,Clayey,Red","Barley,Millet,Tomato,Peanut"
5.14,48,26,16,13.52,20.77,190,"Loamy,Silty,Sandy,Peaty","Barley,Onion,Peanut,Millet"
8.47,88,47,34,7.1,31.9,193,"Clayey,Silty,Sandy","Tomato,Rice,Sugarcane,Potato,Peanut"
6.03,40,43,45,26.08,34.89,85,"Silty,Peaty,Black,Loamy","Barley,Onion,Millet,Sugarcane"
5.85,81,54,36,16.77,23,126,"Red,Sandy,Loamy","Carrot,Cotton,Barley,Potato,Millet"
7.75,86,35,54,21.31,29.09,52,"Loamy,Red,Peaty","Maize,Barley,Wheat,Banana,Tomato"
5.72,61,47,58,24.61,30.58,233,"Sandy,Peaty,Loamy","Peanut,Maize,Tomato,Barley,Carrot"
7.07,85,17,37,24.69,30.22,78,"Clayey,Peaty,Red,Black","Peanut,Onion,Potato,Millet"
6.06,72,38,15,11.33,20.8,106,"Silty,Red,Peaty,Black","Banana,Cotton,Potato,Wheat,Rice"
8.53,97,25,18,17.38,20.74,189,"Sandy,Peaty,Loamy,Black","Rice,Sugarcane,Wheat,Banana"
6.9,70,56,39,16.66,31.1,131,"Clayey,Loamy,Sandy,Silty","Maize,Peanut,Rice,Banana"
8.53,92,12,47,24.3,22.62,76,"Red,Black,Clayey","Potato,Millet,Tomato,Cotton"
5.4,64,60,55,10.84,31.13,159,"Loamy,Peaty,Red,Sandy","Banana,Cotton,Wheat,Rice"
6.13,69,41,14,11.9,19.9,99,"Silty,Red,Peaty,Black","Banana,Cotton,Potato,Wheat,Rice"
7.29,45,58,29,14.08,17.83,58,"Silty,Red,Clayey","Potato,Rice,Tomato,Wheat,Onion"
7.35,98,36,59,15.75,25.26,59,"Loamy,Red,Peaty","Maize,Barley,Wheat,Banana,Tomato"
6.27,70,46,14,12.84,20.39,95,"Silty,Red,Peaty,Black","Banana,Cotton,Potato,Wheat,Rice"
5.16,50,29,28,23.39,23.26,169,"Clayey,Peaty,Sandy,Loamy","Carrot,Tomato,Maize,Millet"
8.07,60,60,39,6.29,32.31,183,"Silty,Sandy,Peaty","Tomato,Potato,Wheat,Rice"
7,50,44,57,27.97,21.45,138,"Clayey,Black,Loamy,Silty","Wheat,Onion,Tomato,Sugarcane"
5.07,57,53,59,9.1,32.1,156,"Loamy,Peaty,Red,Sandy","Banana,Cotton,Wheat,Rice"
5.46,77,11,60,14.6,32.8,109,"Clayey,Peaty,Silty","Carrot,Maize,Peanut,Potato,Rice"
5.75,66,49,37,13.83,20.09,195,"Sandy,Clayey,Red","Barley,Millet,Tomato,Peanut"
6.98,91,48,40,24.05,24.7,136,"Clayey,Sandy,Black,Silty","Tomato,Potato,Wheat,Rice"
5.5,68,16,54,21.05,20.29,249,"Loamy,Sandy,Peaty","Onion,Tomato,Banana,Cotton"
7.56,92,46,25,5.96,31.67,75,"Red,Sandy,Loamy,Silty","Cotton,Tomato,Rice,Sugarcane"
7.6,84,21,33,9.35,18.1,119,"Sandy,Peaty,Clayey,Silty","Potato,Wheat,Millet,Tomato,Maize"
6.72,63,60,40,18.7,28.7,160,"Clayey,Loamy,Sandy,Silty","Maize,Peanut,Rice,Banana"
7.28,54,59,16,13.21,18.49,55,"Silty,Red,Clayey","Potato,Rice,Tomato,Wheat,Onion"
5.59,62,14,55,21.5,22.4,247,"Loamy,Sandy,Peaty","Onion,Tomato,Banana,Cotton"
7.54,82,22,37,13.22,20.19,121,"Sandy,Peaty,Clayey,Silty","Potato,Wheat,Millet,Tomato,Maize"
7.43,48,55,27,15.86,17.83,70,"Silty,Red,Clayey","Potato,Rice,Tomato,Wheat,Onion"
6.95,91,53,41,25.7,25.71,150,"Clayey,Sandy,Black,Silty","Onion,Potato,Sugarcane,Wheat"
5.18,46,26,27,21.7,22.6,150,"Clayey,Peaty,Sandy,Loamy","Carrot,Tomato,Maize,Millet"
8.21,45,20,55,6.39,29.82,200,"Loamy,Red,Peaty","Maize,Barley,Wheat,Banana,Tomato"
5.54,97,17,42,6.2,21.7,74,"Peaty,Sandy,Red,Black","Carrot,Banana,Cotton,Barley,Tomato"
6.61,77,36,45,24.3,25.4,211,"Loamy,Peaty,Sandy,Silty","Banana,Peanut,Rice,Carrot"
7.11,46,54,33,24.17,32.94,185,"Black,Clayey,Peaty,Red","Cotton,Peanut,Banana,Tomato,Sugarcane"
8.12,79,53,42,6.36,22.96,140,"Silty,Peaty,Black,Loamy","Barley,Onion,Millet,Sugarcane"
5.75,73,55,35,19.6,21.4,138,"Red,Sandy,Loamy","Carrot,Cotton,Barley,Potato,Millet"
5.74,62,18,60,25.54,29.19,101,"Silty,Black,Clayey","Barley,Onion,Millet,Banana,Maize"
8.18,60,60,35,7.25,31.05,160,"Silty,Sandy,Peaty","Tomato,Potato,Wheat,Rice"
6.87,60,49,38,30.24,21.98,221,"Silty,Black,Peaty,Red","Maize,Rice,Peanut,Wheat"
7.6,90,47,24,5.96,27.86,105,"Red,Sandy,Loamy,Silty","Cotton,Tomato,Rice,Sugarcane"
5.74,40,31,60,29.79,32.23,63,"Loamy,Sandy,Peaty,Silty","Wheat,Cotton,Rice,Carrot,Millet"
5.54,57,11,53,26.05,30.42,109,"Silty,Black,Clayey","Barley,Onion,Millet,Banana,Maize"
7.52,92,49,19,7.3,31.1,80,"Red,Sandy,Loamy,Silty","Cotton,Tomato,Rice,Sugarcane"
5.76,78,32,57,29.21,24.44,54,"Sandy,Peaty,Loamy","Peanut,Maize,Tomato,Barley,Carrot"
8.08,72,49,22,5.96,26.88,202,"Sandy,Peaty,Loamy,Black","Rice,Sugarcane,Wheat,Banana"
6.89,89,21,45,25.2,31,102,"Clayey,Peaty,Red,Black","Peanut,Onion,Potato,Millet"
5.98,45,42,49,23.3,33.8,84,"Silty,Peaty,Black,Loamy","Barley,Onion,Millet,Sugarcane"
5.57,41,39,60,27.41,34.97,53,"Loamy,Sandy,Peaty,Silty","Wheat,Cotton,Rice,Carrot,Millet"
5.76,49,28,19,12.85,21.7,180,"Clayey,Silty,Loamy","Barley,Potato,Wheat,Millet,Tomato"
5.76,68,51,57,22.1,26.8,242,"Sandy,Peaty,Loamy","Barley,Maize,Potato,Millet"
7.05,61,57,38,29.77,22.97,221,"Red,Silty,Loamy,Peaty","Rice,Cotton,Carrot,Barley,Potato"
5.84,67,44,20,12.36,19.51,111,"Silty,Red,Peaty,Black","Banana,Cotton,Potato,Wheat,Rice"
7.21,44,49,32,30.04,31.11,184,"Black,Clayey,Peaty,Red","Cotton,Peanut,Banana,Tomato,Sugarcane"
5.39,69,47,31,8.69,28.77,199,"Peaty,Red,Silty","Carrot,Peanut,Potato,Barley"
6.74,76,26,41,26.65,21.67,206,"Loamy,Peaty,Sandy,Silty","Banana,Peanut,Rice,Carrot"
6.72,92,48,36,24.77,24.4,148,"Clayey,Sandy,Black,Silty","Onion,Potato,Sugarcane,Wheat"
5.35,99,22,46,5.96,22.81,80,"Peaty,Sandy,Red,Black","Carrot,Banana,Cotton,Barley,Tomato"
7.12,44,17,51,21.01,28.85,52,"Silty,Peaty,Red","Tomato,Rice,Millet,Onion"
7.93,76,49,23,5.96,25.46,186,"Sandy,Peaty,Loamy,Black","Rice,Sugarcane,Wheat,Banana"
6.77,76,35,47,25.41,24.29,222,"Loamy,Peaty,Sandy,Silty","Banana,Peanut,Rice,Carrot"
7.92,77,34,36,12,33.88,144,"Red,Loamy,Clayey,Black","Banana,Millet,Sugarcane,Maize,Cotton"
5.38,42,31,57,25.01,34.97,55,"Loamy,Sandy,Peaty,Silty","Wheat,Cotton,Rice,Carrot,Millet"
7.02,62,48,31,29.39,24.74,233,"Silty,Black,Peaty,Red","Maize,Rice,Peanut,Wheat"
6.86,50,43,60,25.03,24.52,151,"Clayey,Black,Loamy,Silty","Wheat,Onion,Tomato,Sugarcane"
6.48,50,27,54,27.16,23.94,115,"Clayey,Peaty,Red,Black","Peanut,Onion,Potato,Millet"
5.72,69,49,59,20.99,27.63,249,"Sandy,Peaty,Loamy","Peanut,Maize,Tomato,Barley,Carrot"
6.02,74,55,36,22.09,21.69,132,"Red,Sandy,Loamy","Carrot,Cotton,Barley,Potato,Millet"
5.48,74,57,34,16.52,22.73,144,"Red,Sandy,Loamy","Carrot,Cotton,Barley,Potato,Millet"
6.67,58,60,40,12.99,29.44,162,"Clayey,Loamy,Sandy,Silty","Maize,Peanut,Rice,Banana"
8.23,90,21,20,15.42,18.37,174,"Clayey,Silty,Loamy","Barley,Potato,Wheat,Millet,Tomato"
5.6,67,44,55,22.86,27.91,231,"Sandy,Peaty,Loamy","Barley,Maize,Potato,Millet"
8.53,74,49,24,7.17,24.22,208,"Sandy,Peaty,Loamy,Black","Rice,Sugarcane,Wheat,Banana"
7.04,94,49,31,26.28,21.12,166,"Clayey,Sandy,Black,Silty","Onion,Potato,Sugarcane,Wheat"
7.6,88,44,22,7.76,30.27,102,"Red,Sandy,Loamy,Silty","Cotton,Tomato,Rice,Sugarcane"
5.48,46,22,16,11.51,19.37,205,"Loamy,Silty,Sandy,Peaty","Barley,Onion,Peanut,Millet"
5.54,60,17,60,24.92,24.17,245,"Loamy,Sandy,Peaty","Onion,Tomato,Banana,Cotton"
6.72,99,49,37,9.89,27.77,64,"Sandy,Silty,Peaty,Clayey","Banana,Potato,Sugarcane,Carrot"
8.21,46,11,57,5.96,30.01,226,"Red,Silty,Loamy,Peaty","Rice,Cotton,Carrot,Barley,Potato"
5.7,41,35,60,28.14,34.58,52,"Loamy,Sandy,Peaty,Silty","Wheat,Cotton,Rice,Carrot,Millet"
5.24,82,38,23,19.37,34.16,150,"Peaty,Loamy,Black,Red","Potato,Millet,Tomato,Cotton"
5.72,67,51,46,5.96,27.61,219,"Peaty,Red,Silty","Carrot,Peanut,Potato,Barley"
5.51,78,32,38,27.35,21.57,131,"Sandy,Red,Clayey","Barley,Banana,Carrot,Potato"
8.07,72,47,26,6.21,23.93,193,"Sandy,Peaty,Loamy,Black","Rice,Sugarcane,Wheat,Banana"
5.6,99,12,45,5.96,22.55,74,"Peaty,Sandy,Red,Black","Carrot,Banana,Cotton,Barley,Tomato"
7.41,89,52,22,7.02,30.57,82,"Red,Sandy,Loamy,Silty","Cotton,Tomato,Rice,Sugarcane"
5.3,55,26,22,13.35,21.49,208,"Loamy,Silty,Sandy,Peaty","Barley,Onion,Peanut,Millet"
6.91,43,47,38,26.82,32.17,196,"Black,Clayey,Peaty,Red","Cotton,Peanut,Banana,Tomato,Sugarcane"
6.98,95,52,37,8.22,27.02,75,"Sandy,Silty,Peaty,Clayey","Banana,Potato,Sugarcane,Carrot"
6.88,51,55,36,30.24,32.61,158,"Black,Clayey,Peaty,Red","Cotton,Peanut,Banana,Tomato,Sugarcane"
8.53,91,22,47,23.89,22.37,52,"Red,Black,Clayey","Potato,Onion,Peanut,Barley,Millet"
8.38,83,29,39,11.65,31.23,151,"Red,Loamy,Clayey,Black","Banana,Millet,Sugarcane,Maize,Cotton"
5.57,99,13,43,8.66,19.37,77,"Peaty,Sandy,Red,Black","Carrot,Banana,Cotton,Barley,Tomato"
5.13,78,60,33,25.71,26.54,228,"Clayey,Peaty,Black","Tomato,Cotton,Sugarcane,Potato,Banana"
7.18,42,43,29,30.24,32.01,186,"Black,Clayey,Peaty,Red","Cotton,Peanut,Banana,Tomato,Sugarcane"
8.36,50,60,37,8.29,32.61,158,"Silty,Sandy,Peaty","Tomato,Potato,Wheat,Rice"
7.57,49,60,30,11.72,21.94,108,"Clayey,Red,Silty,Peaty","Banana,Barley,Sugarcane,Maize"
5.81,93,16,45,6.31,20.2,80,"Peaty,Sandy,Red,Black","Carrot,Banana,Cotton,Barley,Tomato"
8.3,74,53,35,6.22,21.67,123,"Silty,Peaty,Black,Loamy","Onion,Wheat,Rice,Potato"
7.92,83,49,20,5.96,23.43,216,"Sandy,Peaty,Loamy,Black","Rice,Sugarcane,Wheat,Banana"
5.75,68,53,35,13.31,21.02,152,"Sandy,Clayey,Red","Barley,Millet,Tomato,Peanut"
5.04,45,29,23,21.36,21.67,173,"Clayey,Peaty,Sandy,Loamy","Carrot,Tomato,Maize,Millet"
8.49,90,19,47,22.4,21.2,60,"Red,Black,Clayey","Potato,Millet,Tomato,Cotton"
5.11,51,31,26,17.64,23.43,159,"Clayey,Peaty,Sandy,Loamy","Carrot,Tomato,Maize,Millet"
5.04,59,52,59,9.11,32.7,174,"Loamy,Peaty,Red,Sandy","Banana,Cotton,Wheat,Rice"
5.89,66,12,60,20.09,23.76,226,"Loamy,Sandy,Peaty","Onion,Tomato,Banana,Cotton"
7.67,89,40,52,19.06,25.97,79,"Loamy,Red,Peaty","Maize,Barley,Wheat,Banana,Tomato"
7.11,48,37,47,9.28,25.89,126,"Red,Loamy,Silty,Peaty","Banana,Barley,Sugarcane,Maize"
6.95,67,26,44,10.42,23.92,249,"Clayey,Red,Silty","Potato,Onion,Peanut,Barley,Millet"
6.88,81,15,40,23.3,31.54,88,"Clayey,Peaty,Red,Black","Potato,Onion,Peanut,Barley,Millet"
8.39,60,33,34,17.5,33.5,56,"Sandy,Silty,Red","Banana,Millet,Sugarcane,Maize,Cotton"
5.81,78,35,47,26.93,21.91,52,"Sandy,Silty,Peaty,Clayey","Banana,Potato,Sugarcane,Carrot"
6.86,60,59,39,14.21,29.36,131,"Clayey,Loamy,Sandy,Silty","Maize,Peanut,Rice,Banana"
5.1,84,40,16,18.7,33.7,156,"Peaty,Loamy,Black,Red","Banana,Cotton,Peanut,Barley,Sugarcane"
5.67,56,25,21,9.78,21.45,210,"Loamy,Silty,Sandy,Peaty","Barley,Onion,Peanut,Millet"
7.41,96,46,26,5.96,32.89,70,"Red,Sandy,Loamy,Silty","Barley,Onion,Millet,Sugarcane"
6.04,78,35,60,28.73,23.33,64,"Sandy,Peaty,Loamy","Peanut,Maize,Tomato,Barley,Carrot"
7.82,92,48,14,5.96,30.75,69,"Red,Sandy,Loamy,Silty","Cotton,Tomato,Rice,Sugarcane"
7.42,51,37,52,8.06,25.38,136,"Red,Loamy,Silty,Peaty","Barley,Banana,Carrot,Potato"
5.22,50,27,21,21.46,23.6,121,"Clayey,Peaty,Sandy,Loamy","Carrot,Tomato,Maize,Millet"
5.64,51,30,60,24.98,34.06,58,"Loamy,Sandy,Peaty,Silty","Wheat,Cotton,Rice,Carrot,Millet"
7.14,45,21,47,19.91,27.34,52,"Silty,Peaty,Red","Tomato,Rice,Millet,Onion"
6.71,77,33,41,23.33,25.95,216,"Loamy,Peaty,Sandy,Silty","Banana,Peanut,Rice,Carrot"
5.54,52,30,17,11.4,21.1,206,"Loamy,Silty,Sandy,Peaty","Barley,Onion,Peanut,Millet"
5.58,40,37,60,27.87,34.97,52,"Loamy,Sandy,Peaty,Silty","Wheat,Cotton,Rice,Carrot,Millet"
5.65,60,19,60,26.92,28.09,103,"Silty,Black,Clayey","Barley,Onion,Millet,Banana,Maize"
6.96,97,55,39,12.67,26.98,52,"Sandy,Silty,Peaty,Clayey","Banana,Potato,Sugarcane,Carrot"
7.25,48,37,55,9.7,26.1,128,"Red,Loamy,Silty,Peaty","Rice,Wheat,Sugarcane,Cotton"
7.19,48,11,46,21.99,27.27,52,"Silty,Peaty,Red","Tomato,Rice,Millet,Onion"
8.43,67,36,41,14.68,33.5,90,"Sandy,Silty,Red","Onion,Sugarcane,Rice,Tomato"
8.23,76,44,31,7,25.44,192,"Sandy,Peaty,Loamy,Black","Rice,Sugarcane,Wheat,Banana"
5.34,99,36,36,15.73,21,86,"Clayey,Silty,Loamy","Carrot,Millet,Onion,Barley,Potato"
8.17,69,54,39,11.03,24.04,134,"Silty,Peaty,Black,Loamy","Barley,Onion,Millet,Sugarcane"
7,43,13,50,21.05,25.89,52,"Silty,Peaty,Red","Tomato,Rice,Millet,Onion"
7.42,48,38,57,11.59,26.21,150,"Red,Loamy,Silty,Peaty","Rice,Wheat,Sugarcane,Cotton"
6.85,93,22,46,23.06,29.7,135,"Clayey,Peaty,Red,Black","Peanut,Onion,Potato,Millet"
7.03,89,18,43,26.41,31,107,"Clayey,Peaty,Red,Black","Peanut,Onion,Potato,Millet"
6.75,40,40,48,7.66,17.83,231,"Black,Sandy,Clayey,Red","Barley,Millet,Onion,Rice"
5.38,54,58,19,26.85,24.5,112,"Black,Clayey,Sandy","Maize,Millet,Potato,Tomato"
5.91,52,43,46,22,33.05,90,"Silty,Peaty,Black,Loamy","Barley,Onion,Millet,Sugarcane"
6.54,90,24,44,28.66,29.82,105,"Clayey,Peaty,Red,Black","Peanut,Onion,Potato,Millet"
5.89,80,31,38,24.35,20.2,153,"Sandy,Red,Clayey","Barley,Banana,Carrot,Potato"
8.47,65,38,39,17.51,32.89,69,"Sandy,Silty,Red","Onion,Sugarcane,Rice,Tomato"
6.02,52,42,51,23.19,33.57,72,"Silty,Peaty,Black,Loamy","Barley,Onion,Millet,Sugarcane"
5.16,76,55,37,28.77,25.46,199,"Clayey,Peaty,Black","Tomato,Cotton,Sugarcane,Potato,Banana"
5.31,99,11,43,9.2,22.36,77,"Peaty,Sandy,Red,Black","Carrot,Banana,Cotton,Barley,Tomato"
7.1,60,25,45,9.82,26.99,240,"Clayey,Red,Silty","Potato,Onion,Peanut,Barley,Millet"
8.36,81,53,25,5.96,25.41,198,"Sandy,Peaty,Loamy,Black","Rice,Sugarcane,Wheat,Banana"
5.19,63,60,20,30.14,25.3,120,"Black,Clayey,Sandy","Maize,Millet,Potato,Tomato"
6.86,62,56,47,17.9,30.93,139,"Clayey,Loamy,Sandy,Silty","Maize,Peanut,Rice,Banana"
7.41,85,20,37,16.11,18.87,133,"Sandy,Peaty,Clayey,Silty","Barley,Potato,Wheat,Millet,Tomato"
5.62,73,11,55,11.92,32.57,98,"Clayey,Peaty,Silty","Carrot,Maize,Peanut,Potato,Rice"
8.25,64,29,42,21.84,33.29,88,"Sandy,Silty,Red","Onion,Sugarcane,Rice,Tomato"
5.68,74,53,34,19.56,20.52,149,"Red,Sandy,Loamy","Carrot,Cotton,Barley,Potato,Millet"
5.26,49,20,24,24.06,22.99,120,"Clayey,Peaty,Sandy,Loamy","Carrot,Tomato,Maize,Millet"
8.28,47,41,41,23.79,21.45,97,"Loamy,Silty,Black","Maize,Barley,Millet,Onion,Peanut"
8.33,66,35,37,17.25,32.72,79,"Sandy,Silty,Red","Onion,Sugarcane,Rice,Tomato"
8.37,50,60,39,7.03,32.97,161,"Sandy,Peaty,Loamy","Barley,Maize,Potato,Millet"
8.53,56,58,39,8.66,31.38,167,"Silty,Sandy,Peaty","Tomato,Potato,Wheat,Rice"
5.97,53,46,49,23.77,33.86,81,"Silty,Peaty,Black,Loamy","Barley,Onion,Millet,Sugarcane"
7.03,99,49,35,10.46,25.21,78,"Sandy,Silty,Peaty,Clayey","Banana,Potato,Sugarcane,Carrot"
5.67,62,14,59,17.78,19.75,249,"Loamy,Sandy,Peaty","Onion,Tomato,Banana,Cotton"
7.5,65,50,41,27.69,22.48,209,"Silty,Black,Peaty,Red","Maize,Rice,Peanut,Wheat"
5.04,83,35,19,16.95,34.97,149,"Peaty,Loamy,Black,Red","Banana,Cotton,Peanut,Barley,Sugarcane"
6.07,64,41,26,15.86,20.24,183,"Sandy,Clayey,Red","Barley,Millet,Tomato,Peanut"
7.3,51,37,51,8.77,24.47,108,"Red,Loamy,Silty,Peaty","Rice,Wheat,Sugarcane,Cotton"
8.12,92,31,21,18.17,23.96,197,"Clayey,Silty,Loamy","Barley,Potato,Wheat,Millet,Tomato"
8.16,40,17,53,7.88,30.4,203,"Red,Silty,Loamy,Peaty","Rice,Cotton,Carrot,Barley,Potato"
6.31,71,49,25,11.95,20.37,179,"Sandy,Clayey,Red","Barley,Millet,Tomato,Peanut"
7.35,40,36,60,9.29,23.68,157,"Red,Loamy,Silty,Peaty","Rice,Wheat,Sugarcane,Cotton"
5.3,40,22,24,21.02,20.77,128,"Clayey,Peaty,Sandy,Loamy","Carrot,Tomato,Maize,Millet"
8,41,12,49,7.94,28.89,172,"Red,Silty,Loamy,Peaty","Rice,Cotton,Carrot,Barley,Potato"
8.38,63,57,37,6.59,32.54,163,"Silty,Sandy,Peaty","Tomato,Potato,Wheat,Rice"
6.6,94,51,36,10.29,24.35,75,"Sandy,Silty,Peaty,Clayey","Banana,Potato,Sugarcane,Carrot"
7.22,52,50,26,13.96,20.78,55,"Silty,Red,Clayey","Potato,Rice,Tomato,Wheat,Onion"
5.92,76,36,54,28.92,24.66,52,"Sandy,Peaty,Loamy","Barley,Maize,Potato,Millet"
6.51,70,48,60,25.46,23.98,52,"Clayey,Silty,Peaty","Banana,Wheat,Barley,Onion"
8.37,95,18,45,20.01,21.54,74,"Red,Black,Clayey","Potato,Millet,Tomato,Cotton"
7.14,48,48,32,30.24,32.92,191,"Black,Clayey,Peaty,Red","Cotton,Peanut,Banana,Tomato,Sugarcane"
5.06,53,29,23,19.95,23.41,146,"Clayey,Peaty,Sandy,Loamy","Carrot,Tomato,Maize,Millet"
6.73,42,33,38,5.96,18.84,196,"Black,Sandy,Clayey,Red","Wheat,Cotton,Rice,Carrot,Millet"
5.68,65,11,59,15.7,21.57,249,"Loamy,Sandy,Peaty","Onion,Tomato,Banana,Cotton"
5.56,50,29,56,24.02,34.97,52,"Loamy,Sandy,Peaty,Silty","Wheat,Cotton,Rice,Carrot,Millet"
5.52,59,34,16,12.83,23.7,236,"Loamy,Silty,Sandy,Peaty","Barley,Onion,Peanut,Millet"
5.47,58,16,49,22.24,22.54,245,"Loamy,Sandy,Peaty","Onion,Tomato,Banana,Cotton"
8.53,42,46,34,20.43,23.64,66,"Loamy,Silty,Black","Maize,Barley,Millet,Onion,Peanut"
5.34,61,11,60,28.47,29.91,113,"Silty,Black,Clayey","Barley,Onion,Millet,Banana,Maize"
6.79,80,35,47,22.09,25.44,213,"Loamy,Peaty,Sandy,Silty","Banana,Peanut,Rice,Carrot"
8.53,60,60,35,8.66,32.94,192,"Silty,Sandy,Peaty","Tomato,Potato,Wheat,Rice"
8.3,89,28,19,18.74,22.35,194,"Sandy,Peaty,Clayey,Silty","Potato,Wheat,Millet,Tomato,Maize"
5.58,79,12,60,14.52,33.35,98,"Clayey,Peaty,Silty","Carrot,Maize,Peanut,Potato,Rice"
6.98,91,48,32,26.76,25.74,153,"Clayey,Sandy,Black,Silty","Onion,Potato,Sugarcane,Wheat"
5.04,84,38,18,18.96,33.1,140,"Peaty,Loamy,Black,Red","Banana,Cotton,Peanut,Barley,Sugarcane"
8.53,88,43,39,8.3,32.88,211,"Clayey,Silty,Sandy","Tomato,Rice,Sugarcane,Potato,Peanut"
8.32,87,38,43,9.25,32.63,169,"Red,Loamy,Clayey,Black","Banana,Millet,Sugarcane,Maize,Cotton"
6.63,82,34,38,20.65,23.71,191,"Loamy,Peaty,Sandy,Silty","Banana,Peanut,Rice,Carrot"
5.39,62,56,18,28.27,26.52,127,"Black,Clayey,Sandy","Maize,Millet,Potato,Tomato"
7.02,56,35,55,25.49,22.6,146,"Clayey,Black,Loamy,Silty","Carrot,Banana,Cotton,Barley,Tomato"
8.53,81,46,35,7.44,32.62,179,"Clayey,Silty,Sandy","Tomato,Rice,Sugarcane,Potato,Peanut"
5.2,40,21,25,20.12,23.13,155,"Clayey,Peaty,Sandy,Loamy","Carrot,Tomato,Maize,Millet"
6.99,49,41,31,27.59,32.44,188,"Black,Clayey,Peaty,Red","Banana,Cotton,Peanut,Barley,Sugarcane"
7.95,78,42,20,9.89,24.31,200,"Sandy,Peaty,Loamy,Silty","Maize,Millet,Cotton,Wheat"
8.29,41,14,57,7.2,29.4,204,"Red,Silty,Loamy,Peaty","Rice,Cotton,Carrot,Barley,Potato"
5.52,70,11,52,21.25,22.96,240,"Loamy,Sandy,Peaty","Onion,Tomato,Banana,Cotton"
6.91,78,40,43,22.04,24.1,200,"Loamy,Peaty,Sandy,Silty","Banana,Peanut,Rice,Carrot"
5.82,75,28,55,30.24,23.73,63,"Sandy,Peaty,Loamy","Peanut,Maize,Tomato,Barley,Carrot"
7.5,46,56,35,7.58,20.49,98,"Clayey,Red,Silty,Peaty","Banana,Barley,Sugarcane,Maize"
8.28,93,49,29,10.48,32.79,193,"Clayey,Silty,Sandy","Tomato,Rice,Sugarcane,Potato,Peanut"
6.61,76,35,46,26.97,25.64,197,"Loamy,Peaty,Sandy,Silty","Banana,Peanut,Rice,Carrot"
6.04,73,45,19,13.56,21.35,110,"Silty,Red,Peaty,Black","Banana,Cotton,Potato,Wheat,Rice"
5.16,77,55,36,30.24,23.68,184,"Clayey,Peaty,Black","Tomato,Cotton,Sugarcane,Potato,Banana"
7.03,61,23,44,11.3,24.5,245,"Clayey,Red,Silty","Potato,Onion,Peanut,Barley,Millet"
5.23,98,35,36,15,22.1,101,"Clayey,Silty,Loamy","Barley,Potato,Wheat,Millet,Tomato"
5.46,70,26,38,13.5,24.4,193,"Black,Silty,Peaty,Red","Rice,Peanut,Millet,Maize,Tomato"
5.04,85,37,14,20.17,33.65,183,"Peaty,Loamy,Black,Red","Banana,Cotton,Peanut,Barley,Sugarcane"
6.56,85,50,51,28.89,25.65,52,"Clayey,Silty,Peaty","Banana,Wheat,Barley,Onion"
6.84,95,22,40,22.24,33.24,101,"Clayey,Peaty,Red,Black","Peanut,Onion,Potato,Millet"
8.41,91,37,36,7.78,34.2,167,"Red,Loamy,Clayey,Black","Banana,Millet,Sugarcane,Maize,Cotton"
8.39,82,46,39,9.33,20.67,141,"Silty,Peaty,Black,Loamy","Onion,Wheat,Rice,Potato"
5.38,99,15,41,6.55,22.53,69,"Peaty,Sandy,Red,Black","Carrot,Banana,Cotton,Barley,Tomato"
5.2,57,57,60,7.46,32.6,141,"Loamy,Peaty,Red,Sandy","Banana,Cotton,Wheat,Rice"
5.49,98,14,39,5.96,22.23,82,"Loamy,Silty,Black","Maize,Barley,Millet,Onion,Peanut"
5.97,70,37,17,13.91,20.27,70,"Silty,Red,Peaty,Black","Banana,Cotton,Potato,Wheat,Rice"
5.78,81,11,60,13.95,32.94,89,"Clayey,Peaty,Silty","Carrot,Maize,Peanut,Potato,Rice"
6.3,47,45,59,22.89,32.73,91,"Clayey,Silty,Peaty","Maize,Barley,Wheat,Banana,Tomato"
5.67,67,49,40,7.2,28.4,210,"Peaty,Red,Silty","Carrot,Peanut,Potato,Barley"
6.87,45,38,55,23.44,23.04,124,"Clayey,Black,Loamy,Silty","Wheat,Onion,Tomato,Sugarcane"
8.31,79,34,37,12.18,34.74,193,"Red,Loamy,Clayey,Black","Banana,Millet,Sugarcane,Maize,Cotton"
6.67,72,46,56,29.07,26.08,85,"Clayey,Silty,Peaty","Banana,Wheat,Barley,Onion"
5.61,67,22,53,21.47,24.85,223,"Loamy,Sandy,Peaty","Onion,Tomato,Banana,Cotton"
8.53,84,46,35,8.71,32.33,212,"Clayey,Silty,Sandy","Tomato,Rice,Sugarcane,Potato,Peanut"
7.82,80,38,19,8.28,25.19,197,"Sandy,Peaty,Loamy,Silty","Maize,Millet,Cotton,Wheat"
5.32,60,52,21,30,25.9,128,"Black,Clayey,Sandy","Maize,Millet,Potato,Tomato"
5.19,80,56,33,28.89,25.8,207,"Clayey,Peaty,Black","Rice,Sugarcane,Wheat,Banana"
8.21,63,29,37,16.98,31.27,63,"Sandy,Silty,Red","Onion,Sugarcane,Rice,Tomato"
8.09,81,38,38,12.17,33.71,196,"Red,Loamy,Clayey,Black","Banana,Millet,Sugarcane,Maize,Cotton"
8.5,74,47,24,8.07,22.79,183,"Sandy,Peaty,Loamy,Black","Rice,Sugarcane,Wheat,Banana"
6.58,76,48,52,27.21,24.3,58,"Clayey,Silty,Peaty","Banana,Wheat,Barley,Onion"
8.15,59,51,37,10.72,31.49,177,"Silty,Sandy,Peaty","Tomato,Potato,Wheat,Rice"
7.03,87,21,45,23.61,31.89,112,"Clayey,Peaty,Red,Black","Peanut,Onion,Potato,Millet"
7.26,98,53,16,5.96,27.12,72,"Red,Sandy,Loamy,Silty","Cotton,Tomato,Rice,Sugarcane"
5.58,72,51,41,7.48,28.16,226,"Peaty,Red,Silty","Carrot,Peanut,Potato,Barley"
5.91,78,53,33,14.01,19.49,186,"Sandy,Clayey,Red","Barley,Millet,Tomato,Peanut"
5.55,95,18,42,9.25,21.38,58,"Peaty,Sandy,Red,Black","Carrot,Banana,Cotton,Barley,Tomato"
8.25,78,49,24,6.4,24.8,203,"Sandy,Peaty,Loamy,Black","Rice,Sugarcane,Wheat,Banana"
7.59,72,43,20,8.2,22.8,205,"Sandy,Peaty,Loamy,Silty","Maize,Millet,Cotton,Wheat"
8.21,70,47,26,5.96,25.65,217,"Sandy,Peaty,Loamy,Black","Barley,Potato,Wheat,Millet,Tomato"
8.12,52,60,36,5.96,33.19,164,"Silty,Sandy,Peaty","Tomato,Potato,Wheat,Rice"
5.04,78,58,30,27.65,26.5,220,"Clayey,Peaty,Black","Tomato,Cotton,Sugarcane,Potato,Banana"
5.72,89,56,34,22.3,18.93,139,"Red,Sandy,Loamy","Carrot,Cotton,Barley,Potato,Millet"
5.86,79,32,54,29.4,23.9,62,"Sandy,Peaty,Loamy","Peanut,Maize,Tomato,Barley,Carrot"
7.08,59,37,42,5.96,17.83,216,"Black,Sandy,Clayey,Red","Barley,Millet,Onion,Rice"
5.58,76,24,38,9.68,24.76,177,"Black,Silty,Peaty,Red","Rice,Peanut,Millet,Maize,Tomato"
7.66,83,34,54,17.39,25.41,69,"Loamy,Red,Peaty","Maize,Barley,Wheat,Banana,Tomato"
6.01,85,32,57,28.06,24.93,52,"Sandy,Peaty,Loamy","Barley,Maize,Potato,Millet"
5.91,43,37,42,23.08,32.46,83,"Silty,Peaty,Black,Loamy","Barley,Onion,Millet,Sugarcane"
6.19,68,37,16,11.92,21.09,111,"Silty,Red,Peaty,Black","Banana,Cotton,Potato,Wheat,Rice"
5.37,99,22,35,5.96,20.53,76,"Peaty,Sandy,Red,Black","Carrot,Banana,Cotton,Barley,Tomato"
5.29,99,30,34,13.24,21.58,80,"Clayey,Silty,Loamy","Barley,Potato,Wheat,Millet,Tomato"
7.3,54,35,46,6.46,24.98,119,"Red,Loamy,Silty,Peaty","Rice,Wheat,Sugarcane,Cotton"
6.77,60,60,38,14.96,29.77,135,"Clayey,Loamy,Sandy,Silty","Maize,Peanut,Rice,Banana"
5.45,79,30,45,22.52,22.24,143,"Sandy,Red,Clayey","Barley,Banana,Carrot,Potato"
8.5,94,26,19,17.7,22.6,190,"Clayey,Silty,Loamy","Carrot,Millet,Onion,Barley,Potato"
5.73,79,29,35,23.07,21.5,159,"Black,Sandy,Clayey,Red","Barley,Millet,Onion,Rice"
6.83,98,52,34,7.4,30.06,58,"Sandy,Silty,Peaty,Clayey","Banana,Potato,Sugarcane,Carrot"
6.93,60,57,40,28.8,22.91,188,"Silty,Black,Peaty,Red","Maize,Rice,Peanut,Wheat"
7.26,43,53,30,10.77,20.56,121,"Clayey,Red,Silty,Peaty","Banana,Barley,Sugarcane,Maize"
6.83,98,50,36,9.2,26,69,"Sandy,Silty,Peaty,Clayey","Banana,Potato,Sugarcane,Carrot"
5.79,48,37,46,25.78,34.93,107,"Silty,Peaty,Black,Loamy","Onion,Wheat,Rice,Potato"
6.49,78,49,55,29.1,25.7,68,"Clayey,Silty,Peaty","Banana,Wheat,Barley,Onion"
6.84,98,29,45,25.32,30.5,119,"Clayey,Peaty,Red,Black","Peanut,Onion,Potato,Millet"
5.56,41,37,54,25.38,33.27,86,"Loamy,Sandy,Peaty,Silty","Rice,Sugarcane,Wheat,Banana"
6.31,85,35,54,25.71,22.12,82,"Sandy,Peaty,Loamy","Barley,Maize,Potato,Millet"
5.73,43,46,44,22.94,32.7,86,"Silty,Peaty,Black,Loamy","Onion,Wheat,Rice,Potato"
5.83,40,40,48,22.07,34.59,77,"Silty,Peaty,Black,Loamy","Onion,Wheat,Rice,Potato"
8.49,62,59,36,7.47,32.59,152,"Silty,Sandy,Peaty","Tomato,Potato,Wheat,Rice"
5.44,74,56,37,27.12,27.8,227,"Black,Clayey,Peaty,Red","Cotton,Peanut,Banana,Tomato,Sugarcane"
8.04,89,52,23,8.78,25.72,233,"Sandy,Peaty,Loamy,Black","Rice,Sugarcane,Wheat,Banana"
6.46,96,43,33,7.47,24.83,100,"Sandy,Silty,Peaty,Clayey","Banana,Potato,Sugarcane,Carrot"
7.22,41,39,46,10.93,24.09,129,"Red,Loamy,Silty,Peaty","Rice,Wheat,Sugarcane,Cotton"
6.83,57,58,34,15.28,28.77,190,"Clayey,Loamy,Sandy,Silty","Maize,Peanut,Rice,Banana"
8.35,41,19,60,9.36,28.13,207,"Red,Silty,Loamy,Peaty","Rice,Cotton,Carrot,Barley,Potato"
7.98,40,18,51,9.33,31.43,198,"Red,Silty,Loamy,Peaty","Barley,Banana,Carrot,Potato"
6.82,42,49,31,27.73,34.38,168,"Black,Clayey,Peaty,Red","Cotton,Peanut,Banana,Tomato,Sugarcane"
5.59,70,48,43,7.48,30.13,205,"Peaty,Red,Silty","Rice,Sugarcane,Wheat,Banana"
8.31,62,55,38,5.96,32.53,169,"Silty,Sandy,Peaty","Tomato,Potato,Wheat,Rice"
6.23,44,48,47,23.85,34.97,68,"Silty,Peaty,Black,Loamy","Onion,Wheat,Rice,Potato"
8.36,86,43,39,9.13,32.62,223,"Clayey,Silty,Sandy","Tomato,Rice,Sugarcane,Potato,Peanut"
7.15,41,43,60,28.59,22.73,151,"Clayey,Peaty,Silty","Carrot,Maize,Peanut,Potato,Rice"
8.19,82,43,39,9.67,22.69,149,"Silty,Peaty,Black,Loamy","Onion,Wheat,Rice,Potato"
6.11,68,26,50,28.71,23.56,52,"Sandy,Peaty,Loamy","Barley,Maize,Potato,Millet"
7.11,45,46,32,28.7,32.5,184,"Black,Clayey,Peaty,Red","Cotton,Peanut,Banana,Tomato,Sugarcane"
6.63,51,36,45,7.2,17.83,235,"Black,Sandy,Clayey,Red","Barley,Millet,Onion,Rice"
5.35,89,18,44,7.2,22.46,52,"Peaty,Sandy,Red,Black","Carrot,Banana,Cotton,Barley,Tomato"
6.99,41,48,36,28.78,30.77,163,"Black,Clayey,Peaty,Red","Cotton,Peanut,Banana,Tomato,Sugarcane"
6.09,56,50,33,15.7,21.15,184,"Sandy,Clayey,Red","Barley,Millet,Tomato,Peanut"
5.81,40,42,49,22.41,34.97,92,"Silty,Peaty,Black,Loamy","Barley,Onion,Millet,Sugarcane"
6.73,48,42,57,26.66,21.34,154,"Clayey,Black,Loamy,Silty","Wheat,Onion,Tomato,Sugarcane"
7.51,79,26,43,13.08,18.47,113,"Sandy,Peaty,Clayey,Silty","Potato,Wheat,Millet,Tomato,Maize"
5.82,72,52,41,21.6,20.38,147,"Red,Sandy,Loamy","Carrot,Cotton,Barley,Potato,Millet"
7.03,61,53,39,29.1,24.3,214,"Silty,Black,Peaty,Red","Maize,Rice,Peanut,Wheat"
6.53,87,52,48,25.42,23.07,125,"Clayey,Sandy,Black,Silty","Onion,Potato,Sugarcane,Wheat"
8.53,65,33,37,13.09,31.38,84,"Sandy,Silty,Red","Onion,Sugarcane,Rice,Tomato"
5.15,77,55,36,27.6,26.8,215,"Clayey,Peaty,Black","Tomato,Cotton,Sugarcane,Potato,Banana"
5.86,77,34,50,30.24,22.31,87,"Sandy,Peaty,Loamy","Maize,Barley,Wheat,Banana,Tomato"
5.96,70,58,59,23.68,26.4,243,"Sandy,Peaty,Loamy","Peanut,Maize,Tomato,Barley,Carrot"
5.73,64,51,40,8.65,29.98,213,"Peaty,Red,Silty","Carrot,Peanut,Potato,Barley"
6.02,69,49,33,15.8,20.2,185,"Sandy,Clayey,Red","Barley,Millet,Tomato,Peanut"
8.53,95,28,27,18.23,23.25,173,"Clayey,Silty,Loamy","Carrot,Millet,Onion,Barley,Potato"
5.05,80,43,21,18.6,34.97,126,"Peaty,Loamy,Black,Red","Banana,Cotton,Peanut,Barley,Sugarcane"
8.53,65,38,49,17.38,33.45,90,"Sandy,Silty,Red","Onion,Sugarcane,Rice,Tomato"
5.76,71,13,56,15.5,32.62,81,"Clayey,Peaty,Silty","Carrot,Maize,Peanut,Potato,Rice"
8.53,96,18,14,20.56,23.14,178,"Clayey,Silty,Loamy","Carrot,Millet,Onion,Barley,Potato"
7.12,94,24,40,23.88,29.65,113,"Clayey,Peaty,Red,Black","Peanut,Onion,Potato,Millet"
7.84,90,33,53,18.81,26.99,83,"Loamy,Red,Peaty","Maize,Barley,Wheat,Banana,Tomato"
7.17,43,38,53,8.8,27.09,110,"Red,Loamy,Silty,Peaty","Rice,Wheat,Sugarcane,Cotton"
6.12,69,37,14,14.24,18.82,77,"Silty,Red,Peaty,Black","Banana,Cotton,Potato,Wheat,Rice"
5.91,79,30,60,28.54,23.01,69,"Sandy,Peaty,Loamy","Barley,Maize,Potato,Millet"
8.44,61,34,38,16.4,32.8,79,"Sandy,Silty,Red","Onion,Sugarcane,Rice,Tomato"
7.72,76,45,19,7.89,22.23,246,"Sandy,Silty,Red","Onion,Sugarcane,Rice,Tomato"
5.61,65,15,57,20.16,22.16,249,"Loamy,Sandy,Peaty","Onion,Tomato,Banana,Cotton"
5.41,70,11,60,15.33,31.02,85,"Clayey,Peaty,Silty","Carrot,Maize,Peanut,Potato,Rice"
6.98,49,37,53,9.86,29.82,141,"Red,Loamy,Silty,Peaty","Rice,Wheat,Sugarcane,Cotton"
5.7,57,11,57,22.45,27.25,91,"Silty,Black,Clayey","Barley,Onion,Millet,Banana,Maize"
6.03,74,49,29,16.84,19.55,214,"Sandy,Clayey,Red","Barley,Millet,Tomato,Peanut"
5.79,45,42,52,26.8,34.32,76,"Sandy,Peaty,Loamy","Barley,Maize,Potato,Millet"
5.04,60,51,21,29.95,26.2,143,"Black,Clayey,Sandy","Rice,Peanut,Millet,Maize,Tomato"
8.5,68,36,31,17.26,34.46,76,"Sandy,Silty,Red","Onion,Sugarcane,Rice,Tomato"
8.35,40,12,49,7.66,28.73,181,"Red,Silty,Loamy,Peaty","Rice,Cotton,Carrot,Barley,Potato"
5.49,57,11,60,26.48,27.13,131,"Silty,Black,Clayey","Barley,Onion,Millet,Banana,Maize"
5.57,80,30,36,22.2,22.77,151,"Sandy,Red,Clayey","Barley,Banana,Carrot,Potato"
5.41,57,53,21,30.24,27.07,131,"Black,Clayey,Sandy","Maize,Millet,Potato,Tomato"
5.54,40,38,59,26.16,34.29,52,"Clayey,Sandy,Black,Silty","Onion,Potato,Sugarcane,Wheat"
6.86,54,20,41,17.82,28.17,52,"Silty,Peaty,Red","Tomato,Rice,Millet,Onion"
6.48,78,36,46,25.25,24.56,234,"Loamy,Peaty,Sandy,Silty","Banana,Peanut,Rice,Carrot"
6.65,81,30,43,22.1,24.1,212,"Loamy,Peaty,Sandy,Silty","Banana,Peanut,Rice,Carrot"
7.42,77,40,21,8.06,21.39,196,"Sandy,Peaty,Loamy,Silty","Maize,Millet,Cotton,Wheat"
8.23,43,14,56,9.99,29.25,240,"Red,Silty,Loamy,Peaty","Rice,Cotton,Carrot,Barley,Potato"
6.86,59,44,60,27.81,25.79,121,"Clayey,Black,Loamy,Silty","Wheat,Onion,Tomato,Sugarcane"
6.96,97,46,33,6.09,26.32,68,"Sandy,Silty,Peaty,Clayey","Peanut,Onion,Potato,Millet"
6.32,86,47,59,29.23,25.15,52,"Clayey,Silty,Peaty","Banana,Wheat,Barley,Onion"
8.11,72,54,36,7.42,23.55,148,"Silty,Peaty,Black,Loamy","Barley,Onion,Millet,Sugarcane"
6.98,48,41,60,26.3,23.3,133,"Clayey,Black,Loamy,Silty","Wheat,Onion,Tomato,Sugarcane"
6.97,49,47,26,30.17,34.2,171,"Silty,Black,Peaty,Red","Maize,Rice,Peanut,Wheat"
6.68,99,45,42,9.14,24.44,59,"Sandy,Silty,Peaty,Clayey","Banana,Potato,Sugarcane,Carrot"
7.19,62,55,38,29.22,24.44,217,"Silty,Black,Peaty,Red","Maize,Rice,Peanut,Wheat"
7.63,91,35,54,17.8,26.5,77,"Loamy,Red,Peaty","Maize,Barley,Wheat,Banana,Tomato"
6.46,81,51,54,26.02,25.85,85,"Clayey,Silty,Peaty","Banana,Wheat,Barley,Onion"
6.34,71,47,36,15.34,19.69,170,"Sandy,Clayey,Red","Barley,Millet,Tomato,Peanut"
5.16,99,39,37,16.83,22.47,92,"Clayey,Silty,Loamy","Barley,Potato,Wheat,Millet,Tomato"
7.71,99,41,58,17.06,25.31,89,"Loamy,Red,Peaty","Maize,Barley,Wheat,Banana,Tomato"
8.53,88,49,36,5.96,32.64,181,"Clayey,Silty,Sandy","Tomato,Rice,Sugarcane,Potato,Peanut"
5.73,97,11,41,5.96,24.52,52,"Peaty,Sandy,Red,Black","Carrot,Banana,Cotton,Barley,Tomato"
7.86,94,30,55,20.94,26.26,84,"Loamy,Red,Peaty","Maize,Barley,Wheat,Banana,Tomato"
5.21,86,42,15,20.2,33.64,148,"Peaty,Loamy,Black,Red","Banana,Cotton,Peanut,Barley,Sugarcane"
7.23,40,45,26,26.69,33.63,183,"Black,Clayey,Peaty,Red","Cotton,Peanut,Banana,Tomato,Sugarcane"
6.91,60,28,45,16.01,24.73,241,"Clayey,Red,Silty","Potato,Onion,Peanut,Barley,Millet"
7.46,52,59,30,20.06,17.83,52,"Silty,Red,Clayey","Potato,Rice,Tomato,Wheat,Onion"
7.68,84,26,36,14.93,18.11,139,"Sandy,Peaty,Clayey,Silty","Potato,Wheat,Millet,Tomato,Maize"
5.35,78,53,38,26.59,26.8,230,"Clayey,Peaty,Black","Tomato,Cotton,Sugarcane,Potato,Banana"
5.4,60,11,52,20.88,24.32,249,"Loamy,Sandy,Peaty,Silty","Wheat,Cotton,Rice,Carrot,Millet"
8.2,58,60,31,9.9,32.3,179,"Silty,Sandy,Peaty","Tomato,Potato,Wheat,Rice"
5.82,45,44,44,22.45,34.97,67,"Silty,Peaty,Black,Loamy","Onion,Wheat,Rice,Potato"
7.67,65,42,20,8.04,23.86,210,"Sandy,Peaty,Loamy,Silty","Maize,Millet,Cotton,Wheat"
8.1,46,42,41,22.44,21.26,52,"Loamy,Silty,Black","Maize,Barley,Millet,Onion,Peanut"
6.98,44,39,57,10.23,24.2,92,"Red,Loamy,Silty,Peaty","Rice,Wheat,Sugarcane,Cotton"
5.69,49,28,14,12.05,22.66,203,"Loamy,Silty,Sandy,Peaty","Barley,Onion,Peanut,Millet"
8.43,42,11,56,5.96,30.57,222,"Red,Silty,Loamy,Peaty","Rice,Cotton,Carrot,Barley,Potato"
8.29,76,48,38,6.29,22.19,150,"Silty,Peaty,Black,Loamy","Barley,Onion,Millet,Sugarcane"
6.88,51,55,41,28.72,22.76,215,"Silty,Black,Peaty,Red","Maize,Rice,Peanut,Wheat"
6.44,99,55,32,5.96,26.13,83,"Sandy,Silty,Peaty,Clayey","Banana,Potato,Sugarcane,Carrot"
6.91,50,17,51,20.12,29.45,54,"Silty,Peaty,Red","Tomato,Rice,Millet,Onion"
6.86,63,60,39,14.5,29.4,153,"Clayey,Loamy,Sandy,Silty","Maize,Peanut,Rice,Banana"
5.44,61,11,60,27.23,29.49,155,"Silty,Black,Clayey","Barley,Onion,Millet,Banana,Maize"
7.06,97,47,35,9.66,26.24,52,"Sandy,Silty,Peaty,Clayey","Banana,Potato,Sugarcane,Carrot"
5.12,59,48,24,30.24,24.32,115,"Black,Clayey,Sandy","Tomato,Cotton,Sugarcane,Potato,Banana"
7.44,88,38,17,8,30.44,110,"Red,Sandy,Loamy,Silty","Maize,Millet,Cotton,Wheat"
7.26,52,42,60,25.03,23.09,120,"Clayey,Black,Loamy,Silty","Wheat,Onion,Tomato,Sugarcane"
8.07,80,51,39,5.96,22.28,150,"Silty,Peaty,Black,Loamy","Onion,Wheat,Rice,Potato"
8.12,86,32,38,9.2,34.57,158,"Red,Loamy,Clayey,Black","Banana,Millet,Sugarcane,Maize,Cotton"
